nama;klub;nationality;age;pos;app;min;g;a;ball_rec;block;crosses_blocked;clearance;CC;take_on_s;foul;offside;fouled;cs;g_conceded;tackle;header;intercept;OG;crs;att_pass;pass_suc;g_penalty;saves;son;soff;shots;yc;rc
julian schwarzer;arema;phi;23;gk;6;540;0;0;;;;;;;1;;;1;10;1;;;;;132;97;;23;;0;;1;
adixi lenvizio;arema;idn;31;gk;1;90;0;;;;;;;;;;;;;;;;;;21;15;;2;;0;;;
diki agung s;arema;idn;25;gk;0;0;0;;;;;;;;;;;;;;;;;;;;;;;0;;;
teguh amirudin;arema;idn;30;gk;3;270;0;;;;;;;;;;;0;7;;;;;;48;37;;10;;0;;;
m rendra teddy wijanarko;arema;idn;27;mf;0;0;0;;;;;;;;;;;;;;;;;;;;;;;0;;;
flabiola solares;arema;idn;24;fw;3;96;0;;;;;;;;5;;;;;3;;1;;;26;24;;;2;1;3;;
samuel gideon balinsa;arema;idn;24;mf;1;26;0;0;;;;0;;;1;;;;;1;;3;;;16;14;;;;0;;;
rifad marasabessy;arema;idn;24;df;3;186;0;0;;;;1;;;1;0;;;;5;;5;;;87;75;;;;0;;;
bagas adi nugroho;arema;idn;26;df;7;595;0;0;;6;;15;;;4;;6;;;11;1;24;;1;261;225;;;;1;1;1;
asyraq gufron;arema;idn;27;df;3;182;0;0;;4;;8;;;;;;;;3;;9;;;50;41;;;;0;;;
syaeful anwar;arema;idn;29;df;5;269;0;0;;3;;15;;;5;;;;;2;3;12;;;95;80;;;;0;;1;
ichaka diara;arema;mal;28;df;7;531;0;0;;3;;30;;;8;;;;;6;4;38;;;235;181;;;4;3;7;2;
evan dimas d;arema;idn;28;mf;5;199;0;0;;;;0;;;2;;;;;5;;5;;;106;98;;;1;0;1;;
charles lokolingoy;arema;aus;26;mf;4;198;0;0;;;;1;;;2;2;9;;;0;;0;;1;43;31;;;3;2;5;;
pablo angel ariel lucero;arema;arg;24;mf;10;769;0;1;10;1;;1;16;5;8;2;21;;;15;;27;;2;449;328;;;10;8;18;;
muhammad rafli;arema;idn;25;mf;7;310;0;1;5;;;2;4;1;6;1;;;;1;;11;;3;133;106;;;1;1;2;2;
jayus hariono;arema;idn;26;mf;7;557;0;1;6;1;;3;2;1;12;0;;;;25;;18;;;233;205;;;;0;;4;
greg nwokolo;arema;idn;37;fw;5;48;0;1;;;;;;;3;;;;;;;2;;;15;13;;;;0;;;
seiya da costa lay;arema;idn;22;mf;0;0;0;;;;;;;;;;;;;;;;;;;;;;;0;;;
charles raphael;arema;bra;28;mf;10;783;0;0;7;4;;42;;1;19;1;7;;;12;4;32;;;418;350;;;7;7;14;2;
hamdi sula;arema;idn;25;df;7;462;0;0;2;;;10;3;1;10;3;;;;11;;15;;3;216;164;;;;2;2;1;
gufroni al maruf;arema;idn;26;mf;0;0;0;;;;;;;;;;;;;;;;;;;;;;;0;;;
mikael alfredo tata;arema;idn;19;df;8;574;0;0;3;;;7;2;2;11;;7;;;28;3;22;;1;220;167;;;1;3;4;3;
arkhan fikri;arema;idn;18;mf;7;313;0;0;6;;;;5;;2;;14;;;7;;4;;;148;122;;;;1;1;;
dendy santoso;arema;idn;33;mf;10;701;0;0;5;;;4;4;2;1;2;8;;;9;;17;;;276;221;;;;0;;;
achmad maulana syarif;arema;idn;20;mf;6;324;0;0;4;;;4;;;7;;8;;;12;1;10;;;153;129;;;;1;1;1;
gustavo almeida;arema;bra;27;fw;8;719;9;0;2;1;;8;5;4;16;8;19;;;2;1;6;;;142;101;3;;12;4;16;3;
ginanjar wahyu;arema;idn;19;fw;2;64;0;0;;;;;;1;;;;;;;1;3;;;24;16;;;;0;;;
dedik setiawan;arema;idn;29;fw;9;524;1;0;;;;;5;1;11;3;13;;;6;;3;;3;118;91;;;3;7;10;;
ahmad figo r;arema;idn;22;df;2;56;0;;;;;2;;;;;;;;2;;7;;1;33;22;;;;0;;;
johan alfarizi;arema;idn;33;df;1;90;0;;;;;1;;;;1;;;;1;;3;;;39;32;;;;0;;;
samsudin;arema;idn;26;fw;5;241;0;;;;;1;;;6;;;;;5;;3;;;65;49;;;1;0;1;;
bayu aji;arema;idn;23;df;4;183;0;0;;;;4;2;;2;;;;;7;2;12;;1;86;69;;;;1;1;;
adilson maringa;bali united;bra;33;gk;10;900;;;;;;2;;;;;;1;14;1;;;;;180;118;;37;;0;;1;
muhammad ridho;bali united;idn;32;gk;0;0;;;;;;;;;;;;;;;;;;;;;;;;0;;;
rakasurya handika;bali united;idn;23;gk;0;0;;;;;;;;;;;;;;;;;;;;;;;;0;;;
i komang aryantara;bali united;idn;18;gk;0;0;;;;;;;;;;;;;;;;;;;;;;;;0;;;
teguh infantrie;bali united;idn;24;mf;0;0;;;;;;;;;;;;;;;;;;;;;;;;0;;;
ramdani lestaluhu;bali united;idn;32;mf;5;170;;;;;;1;;;3;2;7;;;2;;3;;;53;40;;;1;2;3;;
komang tri arta wiguna;bali united;idn;22;df;0;0;;;;;;;;;;;;;;;;;;;;;;;;0;;;
i nyoman adi;bali united;idn;20;fw;0;0;;;;;;;;;;;;;;;;;;;;;;;;0;;;
gede agus;bali united;idn;21;df;1;2;;;;;;1;;;1;;;;;;;;;;;;;;;0;;;
made tito;bali united;idn;20;mf;3;62;;;;;;;;;;;;;;;;;;;15;12;;;;1;1;;
rahmat arjuna;bali united;idn;19;fw;2;127;;1;;;;;;1;2;;;;;4;;1;;1;27;18;;;;2;2;;
fadil sausu;bali united;idn;39;mf;3;51;;;;;;;;;2;;;;;;;1;;;42;33;;;;1;1;;
ardi idrus;bali united;idn;30;df;9;462;;2;;;;9;5;1;16;3;;;;17;;13;;9;194;143;;;1;2;3;;
ilja spasojevic;bali united;idn;36;fw;9;384;4;1;;2;;7;3;;8;1;9;;;7;;4;;;65;51;;;7;5;12;2;
privat mbarga;bali united;cmr;31;fw;10;862;2;1;2;;;;11;6;17;5;11;;;9;2;6;;7;228;150;;;3;8;11;2;
i made andhika;bali united;idn;27;df;4;132;;;;1;;1;2;;2;;;;;1;;1;;;67;60;;;;3;3;1;
haudi abdullah;bali united;idn;30;df;3;178;;;;3;;5;;;2;;;;;3;;7;;;52;45;;;;0;;;
yabes roni;bali united;idn;28;fw;1;84;;1;;;;1;;;4;;;;;2;;;;;13;10;;;;1;1;2;1
jefferson mateus;bali united;bra;29;fw;8;573;4;;;1;;6;3;1;13;5;10;;;3;7;5;;2;116;82;2;;11;5;16;1;
elias dolah;bali united;tha;30;df;9;654;1;;3;8;;32;;;21;;;;;15;10;39;;;271;238;;;4;5;9;1;
kadek agung;bali united;idn;25;mf;5;102;1;;2;;;1;;;;;;;;3;;1;;1;39;31;;;1;2;3;;
ricky fajrin;bali united;idn;28;df;10;845;1;1;7;7;;14;12;4;8;;18;;;24;3;56;;6;463;377;;;4;2;6;1;
muhammad rashid;bali united;pls;28;mf;8;564;;;7;4;;5;10;;7;1;7;;;15;5;23;;;286;224;;;5;6;11;1;
mohamad sidik saimima;bali united;idn;26;mf;9;689;;;6;2;;1;;1;12;;12;;;13;;8;;;224;192;;;3;2;5;3;
kadek arel;bali united;idn;18;df;8;642;;;2;2;;15;;2;5;;;;;8;;26;;;316;281;;;;1;1;1;
irfan jaya;bali united;idn;27;fw;2;42;;;2;;;;;;;;;;;1;;;;;8;4;;;3;0;3;;
eber bessa;bali united;bra;31;mf;9;668;1;2;4;;;;6;2;27;2;32;;;14;1;7;;3;277;173;;;4;4;8;3;
jajang mulyana;bali united;idn;35;df;6;218;1;;;1;;9;;;2;;;;;1;1;11;;;61;52;;;1;2;3;1;
rahmat;bali united;idn;35;fw;9;470;1;1;;2;;;6;3;3;4;7;;;5;;3;;8;183;131;;;3;5;8;1;
ryuji utomo;bali united;idn;28;df;3;181;;;;;;12;;;1;;;;;1;1;9;;;47;40;;;;0;;;
novri setiawan;bali united;idn;30;df;10;728;;;;;;14;9;1;14;;15;;;13;;24;;8;304;228;;;;2;2;4;
awan setho;bhayangkara;idn;26;gk;9;810;;;;;;3;;;;;;3;16;;;2;;;221;170;;;;0;;;
aqil savik;bhayangkara;idn;24;gk;1;90;;;;;;;;;;;;0;3;;;;;;20;17;;;;0;;;
crislan henrique;bhayangkara;bra;31;fw;8;221;3;;3;1;;6;7;;12;7;16;;;1;4;6;;1;132;82;;;9;8;17;3;
matias mier;bhayangkara;ury;33;mf;9;736;1;4;9;;;5;13;3;13;2;7;;;4;;10;;;364;282;;;13;20;33;3;
adam ahmad najem;bhayangkara;afg;28;mf;10;900;;;11;4;;3;6;;15;1;;;;10;2;38;;1;467;436;;;1;1;2;2;
david maulana;bhayangkara;idn;21;mf;9;790;;;7;4;;15;6;2;7;;11;;;18;;33;;5;460;356;;;;1;1;1;
dylan alain de bruycker;bhayangkara;phi;25;mf;6;389;;;2;;;2;2;;2;;;;;4;;15;;;152;135;;;1;0;1;2;
muhammad fatchu rohman;bhayangkara;idn;28;df;7;502;;;2;1;;17;3;;8;;;;;11;2;18;;2;205;152;;;;1;1;;
muhamad rifki ananta;bhayangkara;idn;22;mf;4;272;;;2;;;2;;;3;;;;;6;;12;;2;101;77;;;;0;;;
muhammad reza kusuma;bhayangkara;idn;23;mf;9;406;;;4;3;;4;;2;13;;7;;;14;;20;;;174;149;;;;4;4;4;
sani rizki;bhayangkara;idn;25;mf;7;420;1;;;;;2;3;1;11;2;;;;2;4;7;;;166;134;;;3;4;7;;
dendy sulistyawan;bhayangkara;idn;26;fw;10;846;;1;4;3;;5;14;1;13;7;21;;;8;3;15;;5;271;196;;;8;8;16;3;
abanda abdulrahman;bhayangkara;idn;33;df;5;334;;1;;6;;9;;;4;;;;;7;1;15;;;104;90;;;;0;;;
anderson sales;bhayangkara;bra;35;df;10;900;1;;4;3;;50;;;8;1;;;;10;7;47;;;344;306;;;3;5;8;;
martua sandeni;bhayangkara;idn;26;fw;4;190;;;;2;;;;;2;1;;;;5;;4;;;54;41;;;;0;;1;
alef vieira santos;bhayangkara;bra;29;df;6;521;;;;1;;8;;2;4;;7;;;16;2;25;;2;227;175;;;;1;1;2;
mohammad ragil;bhayangkara;idn;18;fw;3;104;1;;;;;1;;;3;;7;;;;1;1;;1;17;12;;;1;1;2;;
aji joko sutopo;bhayangkara;idn;25;df;2;118;;;;;;6;;;1;;;;;;;7;;;39;26;;;;0;;1;
muhamad surya;bhayangkara;idn;22;df;3;87;;;;;;4;;1;2;;;;;6;1;3;;1;50;35;;;;0;;;
muhamad hargianto;bhayangkara;idn;27;mf;6;167;;;;;;1;4;;4;;5;;;6;;3;;1;95;73;;;1;4;5;;
fandi eko utomo;bhayangkara;idn;32;mf;5;89;;;;;;1;;1;3;;;;;3;;;;;46;38;;;;0;;;
wahyu subo seto;bhayangkara;idn;30;mf;5;235;;;;;;1;;1;5;;9;;;6;;6;;;116;92;;;1;1;2;1;
aprius fernando surbay;bhayangkara;idn;23;fw;2;37;;;;;;;;1;;;;;;1;;;;;7;4;;;;0;;;
ichwan tuharea;bhayangkara;idn;23;fw;0;0;;;;;;;;;;;;;;;;;;;;;;;;0;;;
ramadhan yusuf fitra;bhayangkara;idn;18;df;0;0;;;;;;;;;;;;;;;;;;;;;;;;0;;;
muhammad iqbal septian;bhayangkara;idn;18;gk;0;0;;;;;;;;;;;;;;;;;;;;;;;;0;;;
indra kahfi;bhayangkara;idn;37;df;0;0;;;;;;;;;;;;;;;;;;;;;;;;0;;;
alsan sanda;bhayangkara;idn;31;fw;0;0;;;;;;;;;;;;;;;;;;;;;;;;0;;;
dimas julio pamungkas;bhayangkara;idn;19;df;0;0;;;;;;;;;;;;;;;;;;;;;;;;0;;;
indra adi;bhayangkara;idn;30;gk;0;0;;;;;;;;;;;;;;;;;;;;;;;;0;;;
m faiz maulana;bhayangkara;idn;19;fw;0;0;;;;;;;;;;;;;;;;;;;;;;;;0;;;
frezy al hudaifi;bhayangkara;idn;19;mf;0;0;;;;;;;;;;;;;;;;;;;;;;;;0;;;
aidil usman diarra;bhayangkara;idn;25;fw;2;47;;;;;;;;;1;3;;;;;;;;;4;1;;;;0;;;
arsa ramadhan;bhayangkara;idn;20;fw;1;65;;;;;;;;;;;;;;2;;3;;;21;18;;;;0;;1;
titan agung;bhayangkara;idn;22;fw;2;111;;;;;;1;3;;3;1;;;;3;;2;;;19;15;;;2;0;2;;
nadeo argawinata;borneo;idn;26;gk;10;900;;;;;;3;;;2;;;2;10;2;;1;;;233;145;;33;;0;;1;
angga saputro;borneo;idn;29;gk;0;0;;;;;;;;;;;;;;;;;;;;;;;;0;;;
yogi hermawan;borneo;idn;20;gk;0;0;;;;;;;;;;;;;;;;;;;;;;;;0;;;
daffa fasya;borneo;idn;19;gk;0;0;;;;;;;;;;;;;;;;;;;;;;;;0;;;
hugo samir;borneo;idn;18;fw;0;0;;;;;;;;;;;;;;;;;;;;;;;;0;;;
abdul rachman;borneo;idn;35;df;0;0;;;;;;;;;;;;;;;;;;;;;;;;0;;;
muhammad alfahrezzi;borneo;idn;17;df;0;0;;;;;;;;;;;;;;;;;;;;;;;;0;;;
rizdjar nurivat subagja;borneo;idn;17;df;0;0;;;;;;;;;;;;;;;;;;;;;;;;0;;;
iksanul lutfi;borneo;idn;21;mf;0;0;;;;;;;;;;;;;;;;;;;;;;;;0;;;
arya putra gerryan;borneo;idn;22;mf;1;13;;;;;;;;;;;;;;;;;;;3;3;;;;0;;;
stefano lilipaly;borneo;idn;33;fw;10;871;5;6;4;;;2;21;7;9;8;17;;;9;;15;;12;329;200;;;12;6;18;2;
leonardo lelis;borneo;bra;29;df;8;645;3;;;6;;24;;1;7;;;;;3;1;21;;;247;204;1;;6;5;11;4;
matheus pato;borneo;bra;28;fw;3;268;2;;2;;;;;2;;;;;;1;4;4;;;;;;;9;5;14;;
kei hirose;borneo;jpn;27;mf;10;701;;;13;2;;2;4;;16;;13;;;34;;22;;1;250;216;;;;0;;;
hendro siswanto;borneo;idn;33;mf;9;780;;;13;2;;6;3;1;16;;14;;;22;6;38;;1;317;272;;;2;6;8;;
m taufany muslihudin;borneo;idn;21;mf;6;124;;;4;;;1;2;;3;;;;;3;;5;;2;61;45;;;;0;;;
rivaldo enero pakpahan;borneo;idn;20;mf;1;56;;;2;;;1;;;1;;;;;4;;5;;;23;17;;;;0;;;
agung prasetyo;borneo;idn;30;df;4;239;;;;5;;15;;;5;;;;;5;;15;;;84;68;;;;1;1;;
rizky dwi febrianto;borneo;idn;26;df;5;87;;;;1;;1;;;1;;6;;;1;;5;;;42;30;;;1;0;1;1;
felipe cadenazzi;borneo;arg;31;fw;6;372;1;;;;;1;2;;13;2;11;;;6;7;4;;;72;50;;;6;5;11;2;
silverio junio;borneo;por;27;df;7;569;1;;;3;;18;;;8;;6;;;6;9;35;;;227;190;;;1;0;1;;1
leo guntara;borneo;idn;29;df;8;279;1;;;1;;3;;1;4;1;;;;8;;9;;2;116;95;;;2;0;2;3;
terens puhiri;borneo;idn;26;fw;10;761;1;1;4;;;;10;1;15;7;5;;;10;1;14;;7;265;207;;;3;2;5;2;
muhammad fajar faturahaman;borneo;idn;21;df;10;879;;1;4;2;;22;12;10;9;;;;;34;2;42;;15;428;319;;;;5;5;;
adam alis;borneo;idn;29;mf;10;696;1;1;7;2;;4;7;4;19;2;13;;;6;;17;;3;287;207;;;7;5;12;1;
diego michels;borneo;idn;33;df;10;825;1;;3;4;;23;4;;11;;7;;;16;5;42;;1;304;258;;;1;0;1;3;
komang teguh;borneo;idn;21;mf;5;105;;;;;;6;;;2;;;;;4;1;5;;;28;24;;;;0;;1;
jelle joost goselink;borneo;ned;24;fw;6;230;;;;;;3;;;;;8;;;;2;4;;;;;;;;5;5;1;
m sihran;borneo;idn;24;fw;7;73;;;;;;;;4;1;;;;;2;;2;;2;31;20;;;2;0;2;1;
a nur hardianto;borneo;idn;28;mf;5;71;;;;;;;;;4;1;;;;;;;;;11;7;;;;0;;1;
win naing tun;borneo;mya;23;fw;6;302;;;;;;1;1;2;6;4;;;;4;;2;;;65;53;;;1;2;3;1;
sonny stevens;dewa united;ned;31;gk;9;810;;;;;;1;;;;;;4;12;4;;;;;269;204;;45;;0;;1;
m natsir fadil mahbuby;dewa united;idn;30;gk;1;90;;;;;;1;;;;;;1;0;;;1;;;30;24;;10;;0;;;
yofandani damai pranata;dewa united;idn;22;gk;0;0;;;;;;;;;;;;;;;;;;;;;;;;0;;;
ahmad gunandi pradana;dewa united;idn;23;gk;0;0;;;;;;;;;;;;;;;;;;;;;;;;0;;;
dennis himawan;dewa united;idn;22;fw;0;0;;;;;;;;;;;;;;;;;;;;;;;;0;;;
dicky kurniawan;dewa united;idn;20;fw;0;0;;;;;;;;;;;;;;;;;;;;;;;;0;;;
brian fatari;dewa united;idn;24;df;0;0;;;;;;;;;;;;;;;;;;;;;;;;0;;;
subhan fajri;dewa united;idn;20;df;0;0;;;;;;;;;;;;;;;;;;;;;;;;0;;;
kafiatur;dewa united;idn;17;mf;0;0;;;;;;;;;;;;;;;;;;;;;;;;0;;;
moch zaenuri;dewa united;idn;28;df;3;100;;;;;;3;;;3;;;;;2;;4;;;55;46;;;;0;;;
junior eldstal;dewa united;mas;32;df;2;92;;;;;;2;;;4;;;;;2;;6;;;48;43;;;;0;;;
feby eka putra;dewa united;idn;24;fw;4;34;;;;;;;;;4;;;;;;;;;;9;7;;;;0;;1;
alex martin;dewa united;bra;30;fw;10;896;6;1;;;;5;3;;6;7;16;;;2;5;4;;;151;120;1;;14;13;27;2;
majed osman;dewa united;leb;29;mf;10;858;;3;9;;;2;21;7;10;4;21;;;12;2;8;;4;359;274;;;6;10;16;1;
altariq ballah;dewa united;idn;23;df;6;535;;;3;1;;5;3;2;7;;6;;;20;;15;;;202;154;;;1;1;2;2;
henhen herdiana;dewa united;idn;28;df;6;437;;;4;;;5;4;1;5;1;;;;15;;21;;3;185;159;;;;0;;1;
risto mitrovski;dewa united;mac;32;df;10;900;;;5;8;;27;;;7;;;;;20;3;63;;;486;409;;;7;8;15;3;
muhammad iqbal;dewa united;idn;24;df;2;123;;;2;;;4;;;2;;;;;2;1;3;;;43;36;;;1;0;1;;
theo fillo;dewa united;idn;22;mf;8;518;;;8;1;;4;;;11;;;;;25;1;10;;;257;226;;;2;1;3;1;
ahmad nufiandani;dewa united;idn;29;fw;5;151;;1;;;;;4;;3;;4;;;5;2;2;;;62;44;;;;1;1;;
asep berlian;dewa united;idn;33;df;6;207;;1;;1;;3;;;14;;;;;7;;4;;1;105;97;;;1;0;1;1;
nasir;dewa united;idn;28;df;6;222;;1;3;1;;2;3;;2;;5;;;6;;8;;3;120;104;;;;1;1;1;
agung mannan;dewa united;idn;25;df;9;805;;;;1;;33;;1;13;;3;;;16;3;33;;;463;397;;;;1;1;4;
ichsan kurniawan;dewa united;idn;28;mf;5;200;;;;1;;4;;;4;;;;;5;;3;;;114;108;;;;0;;3;
rangga muslim p;dewa united;idn;29;mf;2;18;;;;1;;;;;;;;;;1;;1;;;6;6;;;;0;;;
adi setiawan;dewa united;idn;29;df;5;443;;1;;;;8;4;1;5;1;4;;;5;;8;;5;202;161;;;1;0;1;1;
egy maulana;dewa united;idn;23;fw;10;827;2;2;3;;;;19;4;8;;14;;;10;1;7;;5;306;227;;;5;6;11;;
dimitrios kolovos;dewa united;gre;30;mf;7;630;2;;9;2;;4;8;3;8;5;20;;;5;;19;;1;282;235;;;4;5;9;3;
ahmad rusadi;dewa united;idn;20;df;5;260;1;;;4;;9;;1;5;;;;;6;;7;;;96;81;;;2;1;3;1;
septian bagaskara;dewa united;idn;26;fw;8;102;1;;;;;3;;;3;;;;;2;1;2;;;29;26;;;3;2;5;1;
ricky kambuaya;dewa united;idn;27;mf;8;644;1;1;5;;;7;5;7;17;2;18;;;20;1;22;;1;258;220;;;5;3;8;4;
guntur ariyadi;madura united;idn;36;df;1;3;;;;;;;;;;;;;;;;1;;;2;2;;;;0;;;
jose brando;madura united;bra;28;fw;10;765;5;1;;;;2;6;;18;12;7;;;1;2;7;;;142;107;;;15;11;26;2;
fransisco israel;madura united;mex;29;fw;10;889;4;4;8;1;;;17;;20;1;15;;;12;;8;;2;402;294;;;10;6;16;1;
malik risaldi;madura united;idn;27;mf;9;386;2;2;3;2;;2;9;3;11;;7;;;7;4;5;;4;148;121;;;6;3;9;4;
bayu gatra;madura united;idn;32;fw;7;174;;2;;1;;;5;1;4;;;;;2;;4;;2;74;59;;;;3;3;1;
fachruddin aryanto;madura united;idn;34;df;9;758;;;3;2;;33;;;14;;4;;;11;5;47;;;349;308;;;;2;2;3;1
dodi alekvan djin;madura united;idn;25;df;10;791;;;3;2;;9;9;7;12;;5;;;16;;18;;7;354;289;;;3;3;6;1;
ricki ariansyah;madura united;idn;26;mf;7;446;;;2;1;;5;4;;9;;;;;7;3;12;;3;217;191;;;4;4;8;1;
koko ari araya;madura united;idn;23;df;10;753;;;2;3;;14;4;6;12;;12;;;18;1;26;;2;348;301;;;3;0;3;1;
yuda editya pratama;madura united;idn;19;fw;6;304;;;2;1;;2;;1;3;;8;;;3;;3;;;55;37;;;;3;3;;
novan setya;madura united;idn;34;df;1;77;;1;;;;2;1;;6;;;;;4;;6;;;29;24;;;;0;;1;
muhammad tahir;madura united;idn;29;mf;6;297;;1;;;;;;1;8;;;;;3;2;12;;;165;131;;;;2;2;1;1
hugo gomes;madura united;bra;28;fw;6;480;3;4;9;;;7;9;1;6;1;21;;;7;2;14;;;234;191;1;;6;6;12;2;
luiz marcelo;madura united;bra;33;mf;9;661;1;;3;;;1;11;6;9;;22;;;11;2;5;;2;236;183;;;5;2;7;;
jacob mahler;madura united;sgp;23;df;8;674;1;;3;6;;16;4;;14;;9;;;26;;32;;1;281;248;;;4;1;5;4;
cleberson martins;madura united;bra;31;df;10;900;;;;6;;38;;1;12;1;;;;20;4;59;;;512;445;;;;4;4;;
wawan hendrawan;madura united;idn;40;gk;6;540;;;;;;3;;;;;;4;4;1;;2;;;138;118;;18;;0;;;
satria tama;madura united;idn;26;gk;4;360;;;;;;1;;;;;;0;8;;;;;;72;50;;9;;0;;1;
karisma ramadani;madura united;idn;20;gk;0;0;;;;;;;;;;;;;;;;;;;;;;;;0;;;
fawaid ansory;madura united;idn;24;gk;0;0;;;;;;;;;;;;;;;;;;;;;;;;0;;;
andrian casvari;madura united;idn;24;gk;0;0;;;;;;;;;;;;;;;;;;;;;;;;0;;;
moch kevy syahertian;madura united;idn;24;fw;2;61;;;;;;;;;1;;;;;;;2;;;35;27;;;;0;;;
andika rendika rama;madura united;idn;30;df;2;27;;;;;;1;;;1;;;;;1;;2;;;13;10;;;;0;;;
m anwar rifai;madura united;idn;22;df;2;48;;;;;;;;;2;;;;;2;;4;;;34;29;;;;0;;;
salim akbar tuharea;madura united;idn;19;mf;3;148;;;;;;;;;1;1;;;;6;;1;;1;34;26;;;1;0;1;1;
raihan febriana ashari;madura united;idn;20;mf;0;0;;;;;;;;;;;;;;;;;;;;;;;;0;;;
feby ramzi wirawan;madura united;idn;21;mf;1;2;;;;;;;;;;;;;;;;;;;2;2;;;;0;;;
kartika verdhayanto putra;madura united;idn;21;df;1;62;;;;;;1;;;2;;;;;;;1;;;21;19;;;;0;;1;
make aldo maulidino;madura united;idn;25;fw;0;0;;;;;;;;;;;;;;;;;;;;;;;;0;;;
m riski afrisal;madura united;idn;17;mf;0;0;;;;;;;;;;;;;;;;;;;;;;;;0;;;
muhammad iksan lestaluhu;madura united;idn;20;df;0;0;;;;;;;;;;;;;;;;;;;;;;;;0;;;
slamet nurcahyo;madura united;idn;40;mf;6;29;;;;;;;;;2;;;;;;;;;1;29;23;;;1;1;2;;
alberto goncalves;madura united;idn;43;fw;8;211;1;;;;;3;;;;1;;;;1;1;;;;49;36;;;2;2;4;;
ernando ari sutaryadi;persebaya;idn;21;gk;7;630;;;;;;1;;;;;;1;10;1;;;;;127;96;;22;;0;;;
andhika ramadhani;persebaya;idn;24;gk;3;270;;;;;;;;;;;;2;1;;;;;;68;46;;9;;0;;;
aditya arya nugraha;persebaya;idn;19;gk;0;0;;;;;;;;;;;;;;;;;;;;;;;;0;;;
lalu muhammad rizki;persebaya;idn;19;gk;0;0;;;;;;;;;;;;;;;;;;;;;;;;0;;;
miftakhul yunan;persebaya;idn;20;gk;0;0;;;;;;;;;;;;;;;;;;;;;;;;0;;;
yohannes kandaimu;persebaya;idn;28;df;1;45;;;;;;2;;;;;;;;1;;2;;;16;12;;;;0;;;
muhammad salman alfarid;persebaya;idn;21;df;1;45;;;;;;;;;1;;;;;2;;2;;;29;24;;;;0;;;
rizky dwiyan aprilianto;persebaya;idn;24;mf;1;20;;;;;;;;;;;;;;1;;;;;5;5;;;;0;;;
brylian aldama;persebaya;idn;21;mf;1;22;;;;;;;;;1;;;;;;;;;;15;11;;;;1;1;;
muhammad hidayat;persebaya;idn;27;mf;2;61;;;;;;;;;9;;;;;3;;5;;;30;27;;;;0;;1;
alwi slamat;persebaya;idn;25;mf;2;118;;;;;;;;;;1;;;;;;1;;3;62;51;;;;1;1;;
ferdinand sinaga;persebaya;idn;35;fw;3;92;;;;;;;;;2;;;;;;1;;;;9;7;;;;0;;;
george peter brown;persebaya;idn;24;df;1;45;;;;;;;;;1;;;;;1;;2;;;29;23;;;;0;;;
donny agus;persebaya;idn;23;mf;1;10;;;;;;;;;;;;;;;;;;;7;6;;;;0;;;
rifqi arya wardana;persebaya;idn;23;df;0;0;;;;;;;;;;;;;;;;;;;;;;;;0;;;
bruno moreira;persebaya;bra;24;fw;9;765;4;1;4;1;;1;9;10;19;2;23;;;22;5;15;;5;375;305;1;;7;6;13;1;
sho yamamoto;persebaya;jpn;27;fw;10;808;2;;6;;;4;11;4;7;2;24;;;6;;9;;3;261;222;;;7;3;10;2;
ripal wahyudi;persebaya;idn;23;mf;9;534;;;9;;;5;2;1;9;;13;;;28;;21;;;280;250;;;2;1;3;1;
arif catur pamungkas;persebaya;idn;24;df;8;659;;;4;3;;19;;5;17;;12;;;17;2;37;;2;331;248;;;;0;;1;1
toni firmansyah;persebaya;idn;18;fw;7;157;;;3;;;;;;3;;6;;;3;;2;;;49;31;;;2;1;3;1;
dusan stefanovic;persebaya;srb;27;df;10;855;;;2;11;;18;;;13;2;;;;17;7;50;;;366;319;;;2;2;4;3;
paulo victor;persebaya;bra;29;fw;7;534;1;;;;;1;;;8;6;9;;;2;2;2;;;92;79;;;5;7;12;1;
ze valente;persebaya;por;29;mf;6;390;;1;;2;;3;3;1;7;;10;;;5;;7;;;233;196;;;1;3;4;1;
muhamad kasim botani;persebaya;idn;26;mf;9;509;;2;5;;;3;5;1;9;;7;;;13;2;12;;2;211;182;;;2;2;4;4;
andre oktaviansyah;persebaya;idn;21;mf;5;295;;1;6;;;;2;1;4;;;;;10;1;11;;1;135;123;;;;1;1;;
reva adi;persebaya;idn;27;df;9;735;;1;5;2;;12;5;2;2;1;;;;9;1;27;;;410;323;;;1;3;4;1;
song uiyong;persebaya;sgp;30;mf;8;637;1;2;9;;;4;6;3;14;2;15;;;10;;21;;2;368;321;;;2;2;4;3;
muchamad wildan;persebaya;idn;25;fw;7;251;1;;;;;2;3;;6;2;9;;;3;;2;;1;66;47;;;2;1;3;;
kadek raditya;persebaya;idn;24;df;10;900;1;;;8;;23;;;4;;;;;12;1;45;;;343;294;;;1;1;2;1;
ahmad nuri fasya;persebaya;idn;24;df;2;114;;;;;;2;2;;4;;;;;6;;4;;1;51;35;;;;0;;2;
muhammad iqbal;persebaya;idn;23;mf;5;193;;;;;;;;4;1;;;;;3;;1;;1;89;70;;;1;3;4;1;
riswan h lauhim;persebaya;idn;25;df;5;146;;;;;;5;;;1;;;;;3;1;4;;;73;61;;;;1;1;;
teja paku alam;persib;idn;29;gk;4;360;;;;;;1;;;1;;;0;10;1;;;;;85;63;;8;;0;;1;
fitrul dwi rustap;persib;idn;28;gk;6;540;;;;;;2;;;;;;1;6;;;;;;150;83;;14;;0;;;
ridwan ansori;persib;idn;19;fw;0;0;;;;;;;;;;;;;;;;;;;;;;;;0;;;
reky rahayu;persib;idn;30;gk;0;0;;;;;;;;;;;;;;;;;;;;;;;;0;;;
putra sheva sanggasi;persib;idn;19;gk;0;0;;;;;;;;;;;;;;;;;;;;;;;;0;;;
eriyanto;persib;idn;27;df;0;0;;;;;;;;;;;;;;;;;;;;;;;;0;;;
m rezaldi hehanusa;persib;idn;28;df;2;19;;;;;;;;;;;;;;;;;;;6;3;;;;0;;;
abdul aziz;persib;idn;29;mf;1;2;;;;;;;;;;;;;;;;;;;1;1;;;;0;;;
zalnando;persib;idn;27;mf;1;17;;;;;;;;;1;;;;;2;;;;;19;15;;;;0;;;
aksan makarin;persib;idn;22;fw;2;54;;;;;;;;;1;;;;;1;;;;;23;18;;;1;0;1;;
ahmad jufriyanto;persib;idn;36;df;0;0;;;;;;;;;;;;;;;;;;;;;;;;0;;;
ferdiansyah;persib;idn;20;mf;1;11;;;;;;;;;1;1;;;;;;;;;6;5;;;;1;1;1;
ciro alves;persib;bra;34;fw;8;718;4;2;2;;;;18;8;2;6;13;;;9;;4;;7;207;103;;;8;6;14;1;
marc klok;persib;idn;30;mf;9;769;4;3;3;1;;4;13;2;8;;13;;;11;2;15;;1;290;225;2;;12;7;19;3;
beckham putra;persib;idn;22;mf;8;514;;2;4;;;;12;8;5;;18;;;6;;17;;4;221;173;;;2;5;7;2;
victor igbonefo;persib;idn;38;df;4;247;;;2;;;6;;;1;;;;;4;1;18;;;95;88;;;;1;1;1;
nick kuippers;persib;ned;31;df;8;720;;;3;3;;25;;;16;;;;;13;5;43;;;314;268;;;1;2;3;2;
dedi kusnandar;persib;idn;32;mf;6;360;;;3;;;;3;;6;;9;;;6;;10;;1;145;131;;;2;3;5;1;
putu gede;persib;idn;28;df;7;525;;;2;2;;10;2;;14;;;;;16;;21;;3;277;216;;;;3;3;4;1
edo febriansyah;persib;idn;26;df;9;635;;1;;1;;4;4;;13;3;13;;;14;1;21;;6;225;166;;;2;3;5;2;
david da silva;persib;bra;34;fw;8;720;2;;;;;3;6;6;9;4;17;;;4;6;3;;1;123;89;1;;9;11;20;;
ezra walian;persib;idn;26;fw;9;449;1;;2;;;;;;1;;;;;7;1;5;;;128;101;;;3;4;7;1;
ryan kurnia;persib;idn;27;fw;8;270;1;;;;;3;;;5;1;6;;;3;1;10;;;93;76;;;3;1;4;;
levy clement madinda;persib;gab;31;mf;5;324;1;;4;;;;3;;4;;6;;;5;3;3;;;163;108;;;2;0;2;;
rahmat irianto;persib;idn;24;df;9;662;1;1;6;2;;;;2;16;;15;;;12;;23;;;249;218;;;1;0;1;2;
alberto rodriguez martin;persib;spa;31;df;8;720;;;;3;;34;;;14;1;;;;12;1;19;;;279;248;;;1;2;3;6;
kakang rudianto;persib;idn;20;df;2;169;;;;1;;;6;1;;;;;;5;;6;;;70;58;;;1;0;1;;
daisuke sato;persib;phi;29;df;9;678;;;;;;15;2;;15;;13;;;24;;25;;2;283;227;;;1;4;5;2;
febri haryadi;persib;idn;27;mf;3;94;;;;;;2;;;4;;;;;2;;1;;;35;22;;;;1;1;2;1
frets butuan;persib;idn;27;fw;5;152;1;;;;;1;;1;;1;;;;4;;;;2;44;31;;;3;0;3;;
robi darwis;persib;idn;20;mf;5;125;;;;;;;2;;4;;;;;1;1;3;;;49;36;;;;0;;1;
cahya supriadi;persija;idn;20;gk;1;90;;;;;;1;;;;;;0;2;;;1;;;20;14;;;;0;;;
adre arido geovani;persija;idn;19;gk;0;0;;;;;;;;;;;;;;;;;;;;;;;;0;;;
muhammad amar fadhillah;persija;idn;21;df;0;0;;;;;;;;;;;;;;;;;;;;;;;;0;;;
maman abdurrahman;persija;idn;41;df;0;0;;;;;;;;;;;;;;;;;;;;;;;;0;;;
dandi maulana;persija;idn;25;df;0;0;;;;;;;;;;;;;;;;;;;;;;;;0;;;
toni sucipto;persija;idn;37;df;0;0;;;;;;;;;;;;;;;;;;;;;;;;0;;;
sandi arta samosir;persija;idn;21;mf;3;23;;;;;;;;;;;;;;;;;;;4;3;;;;1;1;;
aji kusuma;persija;idn;24;fw;8;196;;;;;;;;;3;2;;;;4;;1;;;28;21;;;;3;3;1;
ryo matsumura;persija;jpn;29;mf;9;662;3;1;3;;;;6;3;10;1;15;;;10;;1;;1;274;200;;;7;7;14;;
alfriynto nico saputro;persija;idn;20;mf;3;6;;;;;;;;;;;;;;1;;1;;;11;8;;;;0;;;
witan sulaiman;persija;idn;22;fw;10;537;;4;;;;1;8;2;6;2;16;;;11;;17;;5;272;212;;;1;2;3;;
ondrej kudela;persija;cze;36;df;8;720;;1;3;3;;15;;1;4;;9;;;6;;32;;1;346;317;;;1;1;2;1;
firza andika;persija;idn;24;df;9;685;1;1;2;;;5;;2;19;;9;;;20;;23;;;414;360;;;3;3;6;4;1
hansamu yama;persija;idn;28;df;5;354;;1;7;4;;9;;;4;1;;;;6;4;25;;;202;175;;;;0;;1;
hanif sjahbandi;persija;idn;26;mf;8;566;2;1;6;3;;3;5;2;14;;7;;;16;3;10;;;269;225;;;5;3;8;1;
riko simanjuntak;persija;idn;31;fw;10;862;1;;;;;2;14;4;5;5;22;;;8;;14;;3;363;264;;;4;6;10;;
muhammad akbar;persija;idn;22;df;6;293;1;;;4;;;;;10;;;;;11;;17;;;144;121;;;1;1;2;;
maciej gajos;persija;pol;32;mf;8;527;1;;5;1;;3;3;1;5;1;6;;;4;1;6;;;217;174;;;1;4;5;1;
marko simic;persija;cro;35;fw;6;252;2;;;;;3;3;;6;1;;;;1;4;;;2;41;25;1;;6;5;11;;
syahrian abimanyu;persija;idn;24;mf;9;447;;;10;2;;5;4;;16;;12;;;10;;13;;1;282;231;;;1;3;4;2;
resky fandi witriawan;persija;idn;24;fw;10;661;;;13;1;;1;2;;22;;9;;;24;2;25;;;306;280;;;1;0;1;4;
muhammad ferrari;persija;idn;20;df;2;166;;;;2;;4;;;4;;;;;5;1;6;;;116;110;;;;0;;1;
ilham rio fahmi;persija;idn;22;df;10;834;;;3;2;;11;;3;6;3;12;;;25;2;27;;8;483;389;;;1;4;5;1;
rizky ridho;persija;idn;22;df;10;900;1;;4;7;;21;3;;14;1;;2;9;26;5;43;;2;559;491;;;3;1;4;3;
andritany;persija;idn;32;gk;9;810;;;;;;7;;;;;;;;1;;1;;;276;220;;21;;0;;;
doni tri pamungkas;persija;idn;18;mf;5;99;;;;;;;;4;;;;;;3;;9;;2;41;30;;;1;1;2;;
muhammad rayhan;persija;idn;19;df;8;126;;;;;;;;4;;2;;;;8;;5;;1;56;47;;;1;2;3;2;
oliver saludares bias;persija;phi;22;fw;3;48;;;;;;2;2;;;;;;;3;;3;;;34;23;;;;0;;;
taufiq;persik;idn;37;gk;0;0;;;;;;;;;;;;;;;;;;;;;;;;0;;;
eko saputro;persik;idn;24;gk;0;0;;;;;;;;;;;;;;;;;;;;;;;;0;;;
muhammad hary fatwa nasution;persik;idn;23;df;0;0;;;;;;;;;;;;;;;;;;;;;;;;0;;;
rendy juliansyah;persik;idn;21;fw;0;0;;;;;;;;;;;;;;;;;;;;;;;;0;;;
vava mario yagalo;persik;idn;30;df;4;168;;;;;;2;;;7;;;;;1;;8;;;48;33;;;;4;4;2;1
ahmad agung setia budi;persik;idn;27;mf;2;44;;;;;;;;;3;;;;;2;;;;;20;14;;;;0;;;
gunawan dwi cahyo;persik;idn;34;df;2;82;;;;;;1;;;1;;;;;2;;1;;;28;26;;;;0;;1;
riyatno abiyoso;persik;idn;24;mf;4;143;;;;;;;;;1;1;;;;3;;3;;1;36;27;;;1;0;1;;
faris aditama;persik;idn;35;mf;5;214;;;;;;2;;;6;1;;;;1;1;4;;1;63;42;;;2;2;4;3;
rohit chand;persik;nep;31;mf;10;890;2;;7;6;;8;;3;17;;9;;;27;2;36;;;403;347;;;4;0;4;3;
jeffeson vieira;persik;bra;29;fw;6;348;2;1;2;;;2;2;;3;;4;;;;1;3;;;78;52;;;3;4;7;;
flavio antonio da silva;persik;por;27;fw;9;715;3;2;;1;;5;11;2;8;3;13;;;11;1;11;;3;163;123;1;;10;1;11;;
mochamad supriadi;persik;idn;21;mf;10;635;;2;2;;;2;7;;7;4;16;;;7;;6;;3;105;69;;;2;4;6;2;
al hamra hehanusa;persik;idn;24;df;9;792;;1;5;4;;28;;;6;;;;;21;;49;;;270;238;;;1;2;3;2;
kartika ajie;persik;idn;27;gk;6;540;;;;;;4;;;;;;0;12;;;;;;114;66;;28;;0;;;
diki yusron;persik;idn;28;gk;4;360;;1;;;;;1;;;;;1;4;2;;;;;79;38;;8;;0;;1;
jeam kelly;persik;idn;21;fw;5;152;;1;2;1;;;4;3;2;;4;;;3;1;2;;3;46;26;;;;0;;;
yusuf meilana fuad burhani;persik;idn;25;mf;10;869;;;6;2;;8;7;4;11;;9;;;32;2;35;;1;388;276;;;1;3;4;2;
agil munawar;persik;idn;27;mf;9;540;;;4;4;;7;;1;10;;9;;;17;;26;;2;234;170;;;1;0;1;1;
arthur irawan;persik;idn;30;df;2;90;;;2;1;;;;;2;;;;;;;1;;;20;20;;;;1;1;;
fitra ridwan;persik;idn;29;mf;6;115;;;2;;;;2;;3;;;;;4;;3;;;66;40;;;;2;2;;
krisna bayu;persik;idn;25;mf;9;729;2;;5;2;;1;9;;16;;29;;;21;3;17;;;226;186;;;2;3;5;;
simen alexander santos;persik;phi;25;df;5;306;1;;;;;6;;;4;;;;;3;;4;;2;108;69;;;1;1;2;2;
rangga widiansyah;persik;idn;21;df;1;24;;;;1;;;;;;;;;;1;;1;;;11;7;;;;0;;1;
adi eko jayanto;persik;idn;29;mf;7;203;;;;1;;2;;;4;;;;;3;;7;;;72;55;;;;1;1;1;
anderson do nascimento;persik;bra;30;df;9;729;1;;;;;17;;;12;;5;;;16;4;34;;1;265;217;;;4;5;9;3;
renan silva;persik;bra;34;mf;9;717;3;;;;;;15;2;10;;20;;;5;2;9;;1;304;211;2;;15;8;23;3;1
muhamad khanafi;persik;idn;26;fw;6;187;;;;;;3;;;3;1;;;;;2;2;;;28;18;;;2;4;6;1;
yohanes pahabol;persik;idn;31;fw;5;135;1;;;;;2;;1;;1;;;;7;;;;;32;21;1;;2;1;3;;
miftahul hamdi;persik;idn;28;mf;3;65;;;;;;;1;;1;;;;;1;;1;;;11;11;;;;0;;;
husna almalik riwani;persikabo;idn;20;gk;6;540;;;;;;1;;;;;;0;11;;;;;;146;97;;23;;0;;;
moch diky indriyan;persikabo;idn;26;gk;2;180;;;;;;1;;;;;;0;4;;;;;;43;36;;8;;0;;;
fathul ihsan;persikabo;idn;21;df;0;0;;;;;;;;;;;;;;;;;;;;;;;;0;;;
krisna sulistya budianto;persikabo;idn;17;fw;0;0;;;;;;;;;;;;;;;;;;;;;;;;0;;;
muhammad shofa selantika;persikabo;idn;21;fw;0;0;;;;;;;;;;;;;;;;;;;;;;;;0;;;
muhammad zaenuri;persikabo;idn;21;gk;0;0;;;;;;;;;;;;;;;;;;;;;;;;0;;;
jovanni renaldi;persikabo;idn;20;mf;0;0;;;;;;;;;;;;;;;;;;;;;;;;0;;;
kainoa bailey;persikabo;phi;28;df;2;109;;;;;;1;;;1;;;;;2;1;2;;;34;31;;;;0;;;
munadi;persikabo;idn;34;mf;4;64;;;;;;;;;2;;4;;;6;;1;;;30;24;;;;0;;1;
reza irfana;persikabo;idn;24;mf;3;56;;;;;;;;;3;;;;;4;;2;;1;27;22;;;;1;1;1;
guntur triaji;persikabo;idn;30;mf;2;60;;;;;;;;;1;;;;;1;1;;;;22;20;;;2;1;3;;
muhammad syamsul rifai;persikabo;idn;17;mf;1;45;;;;;;;;;1;;;;;3;;3;;;26;21;;;;0;;;
iman faturrohman;persikabo;idn;29;df;1;23;;;;;;;;;1;;;;;1;;;;;24;21;;;;0;;;
yandi sofyan;persikabo;idn;31;fw;8;332;3;;;;;2;;1;6;1;10;;;;8;2;;;63;46;;;5;4;9;;
jose carlos moreira;persikabo;por;26;fw;10;820;3;1;3;;;;5;2;9;5;25;;;2;;5;;4;233;176;;;13;12;25;;
rizki hidayat;persikabo;idn;26;fw;6;127;1;2;;;;;3;;1;;;;;2;;3;;;59;46;;;1;0;1;;
komarudin;persikabo;idn;28;fw;7;483;;1;3;;;2;4;2;19;1;6;;;8;;6;;;131;102;;;1;1;2;3;
dimas drajad;persikabo;idn;26;fw;5;315;;1;;1;;;3;;1;;;;;1;;5;;;114;99;;;2;3;5;;
manahati lestusen;persikabo;idn;30;mf;6;514;;;5;2;;3;;;5;;13;;;6;1;21;;2;283;236;;;;1;1;3;
muhamad kemaludin;persikabo;idn;24;mf;6;339;;;3;;;4;;3;7;;8;;;13;1;13;;;130;106;;;1;0;1;4;
lucky oktavianto;persikabo;idn;30;df;7;481;;;3;1;;8;3;4;11;;4;;;14;1;17;;4;210;152;;;1;1;2;5;
kaishu yamazaki;persikabo;jpn;26;mf;10;702;;;11;;;7;3;;14;1;;;;19;;16;;1;250;208;;;2;2;4;2;
alfin tuasalamony;persikabo;idn;31;df;2;19;;1;;;;;;;;;;;;2;;2;;;6;5;;;;0;;;
syahrul r lasinari;persikabo;idn;24;df;9;741;;1;3;5;;11;3;;7;;;;;24;;23;;2;340;265;;;1;1;2;1;
didik wahyu;persikabo;idn;29;df;9;774;1;;4;3;;33;;;8;1;;;;11;4;36;;1;328;274;;;1;1;2;1;
roni sugeng;persikabo;idn;25;mf;9;495;1;1;10;1;;1;;3;5;;;;;7;;12;;2;186;153;;;2;3;5;;
joao pedro oliveira;persikabo;bra;30;mf;9;773;1;3;12;2;;;17;3;15;1;34;;;20;;7;;9;380;243;;;5;4;9;3;
rafael conrado;persikabo;bra;29;fw;7;354;1;;;1;;1;2;;2;3;4;;;1;2;1;;;59;36;;;2;3;5;;
nikola kovacevic;persikabo;srb;29;mf;9;810;1;;;8;;33;3;;11;;;;;8;4;47;;1;378;316;;;3;1;4;3;
andy setyo nugroho;persikabo;idn;26;df;4;260;;;;1;;11;;;4;;;;;9;1;15;;;122;106;;;;0;;2;1
syahrul trisna fadila;persikabo;idn;28;gk;2;180;;;;;;3;;;1;;;1;2;;;;;;58;41;;6;;0;;1;
frengky misa;persikabo;idn;19;mf;2;134;;;;;;2;;1;1;;;;;7;;6;;;58;46;;;1;1;2;;
muhamad yudha;persikabo;idn;21;df;3;157;;;;;;3;;;2;;;;;5;;2;;;91;68;;;;0;;;
gianluca pandeynewu;persis;idn;26;gk;5;450;;;;;;1;;;;;;0;11;;;;;;107;56;;15;;0;;2;
erlangga dwi;persis;idn;20;gk;0;0;;;;;;;;;;;;;;;;;;;;;;;;0;;;
m riyandi;persis;idn;23;gk;0;0;;;;;;;;;;;;;;;;;;;;;;;;0;;;
zanadin faris;persis;idn;19;mf;0;0;;;;;;;;;;;;;;;;;;;;;;;;0;;;
ilham akbar saputro;persis;idn;20;df;0;0;;;;;;;;;;;;;;;;;;;;;;;;0;;;
marcel januar putra;persis;idn;19;df;0;0;;;;;;;;;;;;;;;;;;;;;;;;0;;;
alfath fatheer;persis;idn;28;fw;0;0;;;;;;;;;;;;;;;;;;;;;;;;0;;;
arkhan kaka putra purwanto;persis;idn;16;fw;2;167;;;;;;;;;5;;;;;2;;1;;;39;25;;;1;2;3;1;
rifqi ray farandi;persis;idn;19;mf;2;16;;;;;;;;;1;;;;;2;;;;;7;4;;;;0;;;
arif budiono;persis;idn;30;df;2;32;;;;;;1;;;;;;;;1;;3;;;6;6;;;;0;;;
i made rendi sanjaya putra;persis;idn;19;fw;1;28;;;;;;;;;;;;;;;;;;;6;5;;;;0;;;
gavin kwan adsit;persis;idn;27;df;1;34;;;;;;;;;;;;;;;;;;;5;2;;;;0;;;
ramadhan sananta;persis;idn;21;fw;7;432;4;;;;;5;;1;3;12;9;;;2;1;2;;;57;30;;;8;8;16;1;
fernando rodrigues;persis;spa;36;fw;10;750;5;;3;1;;5;6;2;6;5;9;;;5;4;4;;;125;94;1;;9;3;12;;
sutanto tan;persis;idn;29;mf;10;892;;;8;3;;12;3;1;17;;20;;;20;5;35;;2;342;275;;;2;2;4;3;
muhammad shulton fajar;persis;idn;29;mf;5;199;;;6;;;1;;;5;;;;;4;;7;;;77;69;;;;1;1;1;
taufiq febriyanto;persis;idn;26;mf;6;207;;;5;;;;;;10;;;;;4;;6;;;74;60;;;;1;1;;
jaimerson xavier da silva;persis;bra;33;df;8;590;;;3;8;;24;;;11;;7;;;20;2;39;;;229;196;;;3;1;4;2;
rian miziar;persis;idn;33;df;9;784;;;4;5;;23;;;9;1;;;;13;8;35;;1;249;198;;;;0;;2;
eky taufik;persis;idn;32;df;10;710;1;;4;1;;15;6;;10;2;;;;27;4;28;;5;280;199;;;1;0;1;1;
mousa sidibe;persis;mal;29;fw;10;859;1;3;6;;;;14;10;13;1;23;;;17;;15;;5;346;245;;;9;7;16;2;
diego bardanca;persis;phi;30;df;8;520;1;;;3;;13;;;7;;;;;7;2;19;;;168;150;;;1;0;1;3;
alexis messidoro;persis;arg;26;mf;9;785;1;5;4;2;;3;15;8;13;2;7;;;33;1;34;;2;405;375;1;;6;5;11;2;
muhamad faqih;persis;idn;19;df;8;384;;2;;;;1;4;;8;1;11;;;11;1;12;1;5;117;94;;;;0;;;
david gonzalez;persis;spa;30;fw;9;521;1;1;;;;;3;1;9;2;10;;;2;;3;;1;125;94;;;4;3;7;;
arapenta lingka;persis;idn;25;mf;10;321;1;;4;;;;3;;13;;8;;;9;;4;;;120;89;;;2;1;3;1;
samuel christianson;persis;idn;24;df;2;74;;;;1;;1;;1;;;;;;;;7;;;26;21;;;;0;;;
panca nur w;persis;idn;23;gk;5;450;;;;;;4;;;1;;;1;5;;;1;;;113;78;;23;;0;;;
irfan jauhari;persis;idn;22;fw;5;241;;;;;;1;3;;2;;8;;;4;;6;;2;71;54;;;1;1;2;;
althaf indi alrizky;persis;idn;20;fw;8;168;;;;;;;2;1;5;;;;;6;;9;;2;56;43;;;;0;;1;
chrystna bagascara;persis;idn;25;mf;3;153;;;;;;2;;1;4;;;;;1;;6;;1;67;52;;;;0;;1;
muhamad kanu;persis;idn;22;mf;4;137;;;;;;3;;;6;;;;;7;;2;;;41;29;;;;0;;2;
muhamad darmawan;persita;idn;21;gk;0;0;;;;;;;;;;;;;;;;;;;;;;;;0;;;
rendy oscario;persita;idn;25;gk;3;270;;;;;;2;;;;;;;5;;;;;;55;40;;8;;0;;;
sahrul reza mugi rahayu;persita;idn;21;mf;0;0;;;;;;;;;;;;;;;;;;;;;;;;0;;;
abu rizal maulana;persita;idn;29;mf;0;0;;;;;;;;;;;;;;;;;;;;;;;;0;;;
mohammad afganiladin;persita;idn;22;mf;0;0;;;;;;;;;;;;;;;;;;;;;;;;0;;;
adeyemmy makinde;persita;idn;19;df;0;0;;;;;;;;;;;;;;;;;;;;;;;;0;;;
jack brown;persita;idn;22;mf;0;0;;;;;;;;;;;;;;;;;;;;;;;;0;;;
arif setiawan;persita;idn;27;df;1;14;;;;;;;;;1;;;;;2;;;;;10;6;;;;0;;;
badrian;persita;idn;21;mf;1;1;;;;;;;;;1;;;;;;;1;;;3;3;;;;0;;;
ikwan ali tanamal;persita;idn;20;mf;1;1;;;;;;;;;;;;;;;;;;;2;1;;;;0;;;
sirvi arvani;persita;idn;31;fw;1;5;;;;;;;;;;;;;;;;;;;;;;;;0;;;
andrean benyamin rindo;persita;idn;19;df;2;32;;;;;;1;;;;;;;;2;;;;;10;8;;;;0;;;
heri susanto;persita;idn;29;fw;3;93;;;;;;;;;;;;;;1;;;;;35;26;;;;1;1;;
christian mangaron;persita;phi;24;df;10;900;2;;2;4;;38;;;13;1;9;;;15;11;71;;1;423;380;;;4;1;5;1;
ramiro fergonzi;persita;arg;34;fw;10;843;2;;3;1;;15;11;;21;2;18;;;13;8;15;;4;265;186;;;8;15;23;1;
javlon guseynov;persita;uzb;32;df;9;810;;1;2;6;;30;2;;14;1;7;;;12;3;48;;;449;388;;;3;2;5;4;
daniel mateo bustos;persita;arg;31;mf;9;595;;1;8;1;;1;11;;16;1;17;;;17;3;4;;2;254;175;;;4;5;9;4;
irsyad maulana;persita;idn;30;fw;9;631;;1;4;1;;;8;1;10;3;10;;;9;;5;;5;260;198;;;2;6;8;1;
mario jardel;persita;idn;23;df;10;860;;;4;3;;17;2;1;9;1;16;;;17;3;44;;4;452;384;;;;1;1;4;
fahreza sudin;persita;idn;23;mf;10;551;;;5;2;;;3;;16;1;10;;;14;1;11;;2;254;205;;;2;3;5;1;
achmad fahd alchoir;persita;idn;20;mf;9;277;;;2;;;3;;2;6;;;;;10;4;17;;;134;113;;;;1;1;1;
esal sahrul;persita;idn;21;fw;5;149;2;;;;;;;2;3;2;;;;3;;5;;;48;33;;;3;2;5;;
hanis sagara;persita;idn;24;fw;10;286;1;;3;;;1;5;;4;;;;;4;;1;;;94;78;;;2;2;4;2;
norberto ezequiel vidal;persita;arg;28;mf;10;825;2;3;5;;;2;16;3;15;4;10;;;6;1;10;;1;336;218;1;;12;16;28;2;
mohammad toha;persita;idn;26;df;10;823;;;;4;;14;6;2;5;;20;;;28;;37;;6;476;408;;;;1;1;2;
charisma fatoni;persita;idn;22;df;1;59;;;;2;;1;;;;;;;;2;;3;;;22;19;;;;0;;;
sin yeong bae;persita;kor;31;mf;7;624;;;;2;;5;12;;13;;15;;;11;;21;;1;346;300;;;1;2;3;2;
aditya harlan;persita;idn;36;gk;7;630;;;;;;3;;;;;;3;7;1;;;;;107;77;;12;;0;;;
surya budi;persita;idn;21;fw;2;154;;;;;;;;3;2;1;;;;2;1;1;;;49;34;;;1;1;2;;
abrizal umanailo;persita;idn;27;fw;4;78;;;;;;;;2;1;1;;;;2;;1;;;31;24;;;;0;;1;
rifky dwi septiawan;persita;idn;21;mf;5;262;;;;;;;;1;13;;;;;6;;5;;;138;112;;;1;2;3;2;
fairuzz zaman ;persita;idn;21;df;6;131;;;;;;;;1;2;;;;;6;1;1;;;83;67;;;1;1;2;2;
murilo mendes;barito;bra;28;fw;10;871;5;1;5;1;;1;7;7;25;1;47;;;20;3;13;;4;246;189;;;13;14;27;3;
gustavo henrique;barito;bra;27;fw;10;887;6;3;6;1;;5;11;1;14;4;16;;;7;10;6;;;237;189;3;;10;8;18;2;
eksel timothy;barito;idn;24;fw;5;77;1;;;;;;;;2;;;;;1;2;4;;;8;8;;;3;0;3;;
renan alves;barito;bra;30;df;10;896;1;;;11;;35;;3;15;;11;;;15;13;52;;;297;215;;;5;9;14;3;
bagus kahfi;barito;idn;21;fw;10;442;;1;4;;;2;6;2;8;;6;;;6;2;10;;;115;81;;;3;5;8;;
bagas kaffa;barito;idn;21;df;7;616;1;;5;3;;2;5;2;9;;;;;17;;28;;4;254;201;;;5;4;9;2;
hasim kipuw;barito;idn;35;df;9;483;1;;2;2;;1;3;2;11;1;;;;16;1;11;;;157;116;;;1;2;3;;
rizki pora;barito;idn;33;fw;10;499;1;2;2;;;4;11;3;3;2;9;;;3;1;5;;5;166;108;;;4;1;5;;
bayu pradana;barito;idn;32;df;10;900;;1;10;3;;7;5;;13;;6;;;20;4;29;;1;352;303;;;1;4;5;1;
mike rigoberto ott;barito;phi;28;mf;10;819;;1;5;2;;;8;;14;1;8;;;10;;9;;2;293;235;;;3;5;8;4;
makan konate;barito;mal;31;fw;9;535;1;1;3;;;4;8;5;8;1;12;;;17;3;16;;4;256;216;;;4;0;4;1;
frendi saputra;barito;idn;31;df;9;752;1;;5;1;;6;4;2;9;;7;;;21;;44;1;4;291;206;;;1;3;4;2;
carlos alberto de murga;barito;phi;34;df;8;720;;;;3;;17;;;6;;6;;;5;2;23;;;235;211;;;1;1;2;2;
nazar nurzaidin;barito;idn;28;df;4;20;;;;1;;0;;;1;;;;;1;;3;;;20;14;;;;0;;1;
muhamad buyung ismu lessy;barito;idn;24;mf;7;148;;;;;;5;;;3;;;;;4;;4;;1;56;41;;;;3;3;1;
ilham yuzril mahendra;barito;idn;26;df;7;160;;;;;;2;;1;2;;;;;3;;6;;;71;63;;;;0;;1;
muhammad helmi;barito;idn;23;df;0;0;;;;;;;;;;;;;;;;;;;;;;;;0;;;
chris rumbiak;barito;idn;22;fw;5;31;;;;;;;;;3;;;;;2;;;;;15;12;;;;1;1;2;
muhamad firly;barito;idn;24;mf;3;100;;;;;;;;;;;;;;5;;1;;;43;34;;;;0;;;
yuswanto aditya;barito;idn;23;df;1;45;;;;;;1;;;1;;;;;1;;2;;;18;15;;;;0;;;
ferdiansyah;barito;idn;23;fw;1;1;;;;;;;;;;;;;;;;;;;;;;;;0;;;
afdal yusro;barito;idn;25;fw;0;0;;;;;;;;;;;;;;;;;;;;;;;;0;;;
muhamad reza zuhro;barito;idn;19;mf;0;0;;;;;;;;;;;;;;;;;;;;;;;;0;;;
alif jaelani;barito;idn;21;mf;0;0;;;;;;;;;;;;;;;;;;;;;;;;0;;;
patrik alfredo womsiwor;barito;idn;22;mf;0;0;;;;;;;;;;;;;;;;;;;;;;;;0;;;
alexandro felix kamuru;barito;idn;18;df;0;0;;;;;;;;;;;;;;;;;;;;;;;;0;;;
rahmat beri santoso;barito;idn;19;fw;0;0;;;;;;;;;;;;;;;;;;;;;;;;0;;;
aditiya daffa al haqi;barito;idn;19;mf;0;0;;;;;;;;;;;;;;;;;;;;;;;;0;;;
muhamad rafi syahril;barito;idn;23;mf;0;0;;;;;;;;;;;;;;;;;;;;;;;;0;;;
mariyo fabiyo londok;barito;idn;26;gk;0;0;;;;;;;;;;;;;;;;;;;;;;;;0;;;
dhika bhayangkara;barito;idn;32;gk;0;0;;;;;;;;;;;;;;;;;;;;;;;;0;;;
nor halid;barito;idn;26;gk;0;0;;;;;;;;;;;;;;;;;;;;;;;;0;;;
ega rizky;barito;idn;31;gk;10;900;;;;;;5;;;;;;3;10;1;;2;;;281;181;;31;;0;;;
m adi satryo;psis;idn;22;gk;8;707;;;;;;2;;;;;;3;7;;;;;;224;191;;26;;0;;;1
m rizky darmawan;psis;idn;29;gk;3;129;;;;;;1;;;;;;1;2;1;;;;;41;22;;9;;0;;2;
syaiful;psis;idn;30;gk;1;62;;;;;;;;;;;;;1;;;;;;19;14;;3;;0;;;
husein akbar alfauzi;psis;idn;18;gk;0;0;;;;;;;;;;;;;;;;;;;;;;;;0;;;
brandon scheumman;psis;idn;18;df;0;0;;;;;;;;;;;;;;;;;;;;;;;;0;;;
azyah nur faizin madilesa;psis;idn;18;mf;0;0;;;;;;;;;;;;;;;;;;;;;;;;0;;;
mohammad akrom;psis;idn;20;fw;1;10;;;;;;;;;;;;;;1;;;;;2;2;;;;0;;;
moh alamin syukur f;psis;idn;29;df;1;1;;;;;;;;;;;;;;;;1;;;1;1;;;;0;;;
ridho syuhada;psis;idn;19;mf;3;104;;;;;;;;;;;7;;;2;;3;;;28;24;;;;1;1;;
rizky dwi pangestu;psis;idn;24;fw;4;128;;;;;;1;;;2;2;;;;1;1;;;;26;18;;;;0;;;
fredyan wahyu;psis;idn;25;mf;6;384;;;;;;2;;;8;;;;;3;1;20;;;179;143;;;1;4;5;1;
carlos fortes;psis;por;29;fw;7;466;5;;;;;5;5;1;10;4;16;;;2;2;2;;2;118;83;1;;10;4;14;1;1
gali freitas;psis;tls;19;fw;9;620;4;4;;;;;8;9;14;3;12;;;20;;9;;1;190;150;;;13;2;15;4;
boubakary diara;psis;guy;30;mf;9;810;2;;9;1;;5;5;5;12;;18;;;31;;15;;3;261;209;;;2;3;5;3;
lucas gama;psis;bra;30;df;10;900;;1;2;7;;11;;;8;;;;;18;4;45;;;419;368;;;;1;1;1;
alfeanda dewangga;psis;idn;22;df;7;611;;;7;;;8;5;;8;;24;;;14;4;24;;3;304;206;;;;6;6;1;
m lutfi kamal;psis;idn;24;mf;6;347;;;5;1;;;;;9;;;;;10;2;9;;;138;121;;;2;3;5;3;1
wawan febrianto;psis;idn;29;mf;4;102;;;2;;;;;1;1;1;;;;3;1;2;;;35;22;;;;0;;;
bayu muhamad fiqri;psis;idn;22;df;7;505;;;5;3;;10;;1;11;;10;;;4;;15;;;192;153;;;;1;1;1;
gian zola;psis;idn;25;mf;5;196;;;2;;;;;;3;;;;;2;;2;;;51;40;;;;0;;1;
delfin rumbino;psis;idn;28;mf;7;199;;1;5;1;;2;;1;12;;;;;11;1;3;;;72;62;;;;1;1;1;
riyan ardiansyah;psis;idn;27;df;6;209;;1;;;;3;3;;2;1;6;;;8;;3;;2;60;44;;;3;1;4;1;
wahyu prasetyo;psis;idn;25;df;10;880;;1;;2;;42;5;2;6;;;;;18;1;42;;1;471;388;;;1;0;1;2;
septian david;psis;idn;27;mf;10;720;2;1;6;1;;4;3;;4;6;14;;;7;;4;;1;218;167;;;10;6;16;1;
taisei marukawa;psis;jpn;26;fw;9;706;1;3;;;;;16;5;7;1;22;;;10;;8;;4;215;138;;;3;5;8;1;
tri setiawan;psis;idn;19;mf;2;81;;;;3;;;;;4;;;;;3;;3;;;39;34;;;;1;1;1;
giovani jorim;psis;idn;23;df;9;654;1;;2;;;27;2;3;10;1;;;;34;;25;;3;262;202;;;2;1;3;1;
muhamad haykal alhafiz;psis;idn;22;mf;4;99;;;;;;3;;;1;;;;;3;1;2;;;49;35;;;;1;1;;
victor guilherme;psis;bra;30;fw;3;155;;;;;;1;4;2;3;1;5;;;4;;3;;;45;26;;;1;2;3;;
m reza arya pratama;psm;idn;23;gk;9;810;;;;;;1;;;;;;4;9;;;1;;;173;91;;27;;0;;;
muhammad ardiansyah;psm;idn;20;gk;1;90;;;;;;;;;1;;;0;2;;;;;;12;10;;1;;0;;;
harlan suardi;psm;idn;24;gk;0;0;;;;;;;;;;;;;;;;;;;;;;;;0;;;
syamil b irawan;psm;idn;18;gk;0;0;;;;;;;;;;;;;;;;;;;;;;;;0;;;
raka octa;psm;idn;19;gk;0;0;;;;;;;;;;;;;;;;;;;;;;;;0;;;
edgard amping;psm;idn;20;mf;0;0;;;;;;;;;;;;;;;;;;;;;;;;0;;;
m daffa salman;psm;idn;21;df;0;0;;;;;;;;;;;;;;;;;;;;;;;;0;;;
sulthan zaky razak;psm;idn;17;fw;0;0;;;;;;;;;;;;;;;;;;;;;;;;0;;;
moch sandy ferizal;psm;idn;24;df;0;0;;;;;;;;;;;;;;;;;;;;;;;;0;;;
enrique linares;psm;phi;24;df;0;0;;;;;;;;;;;;;;;;;;;;;;;;0;;;
m mufli hidayat;psm;idn;18;mf;1;16;;;;;;1;;;;;;;;;;;;;5;3;;;;0;;;
rasyid assahid bakri;psm;idn;32;mf;1;1;;;;;;;;;;;;;;1;;;;;3;2;;;;0;;;
ricky pratama;psm;idn;20;fw;3;57;;;;;;;;;1;;;;;;;;;;12;9;;;2;0;2;;
adil nur bangsawan;psm;idn;19;mf;2;14;;;;;;;;;1;;;;;;;1;;;7;5;;;;0;;;
rizky pellu;psm;idn;31;mf;3;9;;;;;;;;;1;;;;;;;;;;;;;;;0;;1;
donald bissa;psm;idn;32;fw;3;26;;;;;;1;;;;;;;;;;;;;7;5;;;;0;;;
kenzo nambu;psm;jpn;31;mf;10;716;5;;2;1;;;4;2;7;;6;;;13;;22;;;121;102;;;7;8;15;2;
everton nascimento;psm;bra;30;fw;9;644;1;1;1;;;6;8;2;8;3;22;;;5;4;6;;;129;90;;;3;7;10;3;
rizky eka pratama;psm;idn;24;mf;9;267;1;;;;;3;;4;2;;;;;8;1;10;;2;72;54;;;2;1;3;;
akbar tanjung;psm;idn;30;mf;9;810;;1;8;4;;6;4;;16;;;;;12;;14;;1;197;147;;;;3;3;3;
yuran fernandes;psm;por;29;df;10;900;1;1;;;;20;4;;3;2;9;;;16;2;54;1;;277;200;1;;4;5;9;2;
willem pluim;psm;ned;34;mf;9;728;1;1;6;3;;1;5;2;6;1;19;;;1;9;6;;4;230;154;;;6;4;10;3;
yance sayuri;psm;idn;26;mf;10;900;1;1;9;;;27;16;3;13;1;7;;;24;;47;;4;336;222;;;5;4;9;1;
yakob sayuri;psm;idn;26;mf;10;817;;;6;;;8;6;8;13;1;7;;;33;1;34;;3;235;159;;;3;16;19;;
ananda raehan;psm;idn;20;mf;6;330;;;5;;;2;;;14;;;;;10;;8;;;107;84;;;;3;3;2;
arfan;psm;idn;27;mf;8;603;;;4;;;3;7;;11;;9;;;11;1;13;;1;137;101;;;1;3;4;2;
m dzaki asraf;psm;idn;20;mf;6;359;;;3;1;;3;4;5;9;;6;;;9;1;13;;2;104;78;;;;3;3;2;1
safrudin tahar;psm;idn;30;df;8;615;;;2;2;;18;;;9;;5;;;13;3;17;;;165;114;;;;1;1;2;1
victor jonson;psm;idn;19;mf;8;301;1;1;;1;;7;;2;3;;;;;13;;8;;;48;92;;;1;1;2;2;1
muhammad andy harjito;psm;idn;22;fw;6;25;1;;;;;;;;2;;;;;;;;;;9;6;;;1;0;1;;
erwin gutawa;psm;idn;31;df;6;426;;;;5;;5;;;6;1;;;;16;2;21;;;129;91;;;;1;1;1;1
adilson gancho;psm;por;26;fw;8;364;;;;1;;2;6;3;8;2;10;;;3;6;5;;3;83;49;;;1;4;5;1;
anthony pinthus;pss;phi;25;gk;10;900;;;;;;1;;;;;;3;15;1;1;;;;219;145;;31;;0;;;
safaat arif alan romadhona;pss;idn;21;gk;;;;;;;;;;;;;;;;;;;;;;;;;;0;;;
dimas fani firmansyah;pss;idn;23;gk;0;0;;;;;;;;;;;;;;;;;;;;;;;;0;;;
m ridwan;pss;idn;32;gk;0;0;;;;;;;;;;;;;;;;;;;;;;;;0;;;
dave mustain;pss;idn;31;mf;;;;;;;;;;;;;;;;;;;;;;;;;;0;;;
dominikus dion wibowo;pss;idn;19;mf;0;0;;;;;;;;;;;;;;;;;;;;;;;;0;;;
m fariz;pss;idn;19;df;0;0;;;;;;;;;;;;;;;;;;;;;;;;0;;;
kevin gomes de oliveira;pss;idn;25;df;0;0;;;;;;;;;;;;;;;;;;;;;;;;0;;;
arlan agma dinata;pss;idn;21;mf;0;0;;;;;;;;;;;;;;;;;;;;;;;;0;;;
derry rachman;pss;idn;29;fw;0;0;;;;;;;;;;;;;;;;;;;;;;;;0;;;
ifan nanda pratama;pss;idn;22;df;;;;;;;;;;;;;;;;;;;;;;;;;;0;;;
sadam gaffar;pss;idn;22;fw;0;0;;;;;;;;;;;;;;;;;;;2;1;;;;0;;;
hariz tuharea;pss;idn;30;fw;1;5;;;;;;;;;;;;;;;;;;;;;;;;0;;;
rezin diop wamu;pss;idn;21;mf;1;6;;;;;;;;;;;;;;;;;;;4;4;;;;0;;;
irkham mila;pss;idn;25;mf;2;67;;;;;;;;;1;;;;;1;;;;2;19;14;;;;1;1;;
bayu setiawan;pss;idn;25;df;5;405;;;;;;12;;;8;;;;;5;;18;;4;160;117;;;;1;1;2;
ricky cawor;pss;idn;25;fw;9;532;4;1;2;;;1;4;2;14;5;10;;;14;1;5;;;96;64;;;9;2;11;2;
jonathan bustos;pss;arg;29;mf;9;763;3;2;8;1;;1;20;6;11;2;36;;;11;;14;;6;404;302;;;5;4;9;5;
jihad ayoub;pss;leb;28;mf;9;810;3;2;7;5;;22;5;;16;;17;;;14;7;27;;2;312;251;1;;6;9;15;4;
rivaldo todd fere;pss;idn;25;mf;5;84;;1;;;;;1;;;;;;;;;1;;;20;14;;;;0;;;
kim jeffrey kurniawan;pss;idn;33;mf;10;900;;1;9;3;;6;5;;7;;7;;;25;;32;;2;329;295;;;3;3;6;;
abduh lestaluhu;pss;idn;30;mf;5;450;;1;2;2;;7;6;2;;2;;;;9;2;13;;2;222;159;;;;0;;;
yevhen bokashvili;pss;ukr;30;fw;8;399;;1;;1;;4;3;3;8;;11;;;;2;1;;;102;68;;;1;2;3;2;
kei sano;pss;jpn;31;mf;8;605;2;;3;3;;4;2;6;9;1;18;;;19;3;18;;2;170;111;;;5;4;9;3;1
thales natanael;pss;bra;30;df;10;900;1;;4;10;;46;;;17;;10;;;18;9;46;;;328;276;;;5;5;10;3;
riki dwi saputro;pss;idn;28;fw;6;195;1;;2;;;1;2;;5;1;;;;2;2;1;;;46;335;;;1;2;3;1;
hokky caraka;pss;idn;19;fw;9;413;1;1;3;;;;4;;19;4;;;;3;;7;;2;92;65;;;2;4;6;3;
wahyudi setiawan;pss;idn;26;mf;9;730;1;;6;2;;10;2;;31;1;10;;;34;2;24;;;250;197;;;1;4;5;6;1
leo tumpamahu;pss;idn;40;df;5;129;;;;3;;3;;;2;;;;;1;;5;;;52;44;;;;0;;;
nur diansyah;pss;idn;25;df;2;71;;;;1;;2;;;2;;;;;;;3;;;33;24;;;;0;;;
i nyoman nikson;pss;idn;22;df;6;495;;;;;;15;;;9;;;;;13;;9;;3;146;107;;;;0;;1;
esteban viscara;pss;idn;37;fw;10;523;;;;;;3;;1;12;5;11;;;7;;8;;3;135;101;;;1;4;5;2;
ibrahim sanjaya;pss;idn;26;df;5;450;;;;;;8;;1;4;;6;;;11;1;14;;;211;163;;;;0;;;
try hamdani;rans;idn;29;gk;3;269;;;;;;1;;;1;;;;3;;;;;;72;49;;9;;0;;;1
hilmansyah;rans;idn;26;gk;7;630;;;;;;2;;;;;;3;6;;;;;;175;110;;18;;0;;;
fiqri;rans;idn;20;gk;;;;;;;;;;;;;;;;;;;;;;;;;;0;;;
wahyudi;rans;idn;25;gk;;;;;;;;;;;;;;;;;;;;;;;;;;0;;;
meru kimura;rans;idn;22;df;;;;;;;;;;;;;;;;;;;;;;;;;;0;;;
hamka hamzah;rans;idn;39;df;;;;;;;;;;;;;;;;;;;;;;;;;;0;;;
kenshiro michael daniel;rans;phi;28;mf;;;;;;;;;;;;;;;;;;;;;;;;;;0;;;
muhammad syukron;rans;idn;26;df;;;;;;;;;;;;;;;;;;;;;;;;;;0;;;
m aqsal mustofa;rans;idn;22;mf;;;;;;;;;;;;;;;;;;;;;;;;;;0;;;
rabani tasnim;rans;idn;20;fw;1;20;;;;;;;;;;;;;;;;;;;;;;;;1;1;;
kushedi yudo;rans;idn;30;fw;5;29;;;;;;;;;1;;;;;;;;;;9;5;;;;0;;;
muhammad irman;rans;idn;24;fw;8;214;;;;;;;;;11;1;;;;;;3;;1;39;30;;;2;4;6;2;
octavio alexandre;rans;bra;30;fw;9;799;4;;4;2;;8;11;;34;5;23;;;21;9;13;;3;230;142;;;8;9;17;2;
evandro elmer brandao;rans;por;32;fw;8;706;1;;;1;;4;3;7;14;7;16;;;8;10;;;;177;127;;;4;8;12;2;
irfan;rans;idn;22;fw;7;142;;;;;;2;;;8;;;;;6;1;2;;2;47;31;;;;1;1;1;
abdul rahman;rans;idn;22;fw;7;412;1;;4;;;1;;1;7;;16;;;9;2;5;;2;95;68;;;5;7;12;1;
mitsuru maruoka;rans;jpn;27;mf;10;889;4;1;9;;;3;18;3;11;3;20;;;13;1;19;;5;374;273;3;;12;8;20;2;
angelo rafael texeira;rans;por;30;df;10;900;1;2;1;6;;29;5;;14;;10;;;27;9;46;;;322;241;;;3;5;8;1;
zidane pramudya;rans;idn;21;mf;2;104;1;;;1;;;;;2;;;;;2;;7;;1;32;23;;;1;0;1;1;
samsul arifin;rans;idn;31;df;3;56;;1;;;;;1;;;;;;;1;;1;;;23;17;;;;0;;1;
dallen ramadhan;rans;idn;25;df;6;364;;1;3;;;17;;;7;;;;;6;;19;;;172;132;;;;0;;3;
paulo sitanggang;rans;idn;27;mf;10;834;;;14;1;;4;4;;25;;9;;;28;2;25;;;239;202;;;;5;5;2;
ilham syah;rans;idn;24;mf;8;425;;;5;1;;;;;9;;;;;14;;11;;;124;103;;;1;1;2;1;
fransisco pereira;rans;por;23;df;10;900;;;3;3;;34;3;;12;;9;;;14;8;48;;;294;254;;;;3;3;2;
taufik hidayat;rans;idn;30;df;10;812;;;2;;;13;3;;10;;7;;;25;4;28;;2;342;236;;;;2;2;1;
muhamad fadilla akbar;rans;idn;21;mf;3;100;;;1;;;1;;1;1;;;;;2;;6;;;47;38;;;;0;;;
marckho sandi;rans;idn;28;df;8;507;;;;1;;14;6;1;7;;8;;;11;1;12;;7;263;191;;;;1;1;4;
arif satria;rans;idn;27;df;5;63;;;;1;;4;;;2;;;;;1;;4;;;26;21;;;;1;1;;
erwin ramdani;rans;idn;30;fw;4;228;;;;;;1;3;;2;1;6;;;2;;3;;2;79;61;;;;2;2;1;1
antoni putro nugroho;rans;idn;29;fw;10;499;;;;;;3;6;1;8;1;;;;8;;3;;6;160;112;;;1;5;6;;
